pdb_name,entry,vh_chain,vl_chain,antigen_chains
7zlh_A-HL,7zlh,H,L,A
7t82_A-DC,7t82,H,L,A
7t86_G-DC,7t86,H,L,A
8fbw_E-CD,8fbw,H,L,A
8dxu_R-HL,8dxu,H,L,A
8dxu_R-AB,8dxu,H,L,A
8dxt_R-HL,8dxt,H,L,A
7x8q_A-CB,7x8q,H,L,A
7whd_B-JK,7whd,H,L,A
7ucx_B-HL,7ucx,H,L,A
8hc4_C-GI,8hc4,H,L,A
8epa_I-HL,8epa,H,L,A
8epa_I-AB,8epa,H,L,A
8hc8_C-HL,8hc8,H,L,A
7wn8_C-PQ,7wn8,H,L,A
8dgx_D-AB,8dgx,H,L,A
7tn9_U-AB,7tn9,H,L,A
7tn9_T-GH,7tn9,H,L,A
7yxu_A-HL,7yxu,H,L,A
8be1_F-DE,8be1,H,L,A
8dgw_G-HL,8dgw,H,L,A
8dgv_A-HL,8dgv,H,L,A
8dgu_A-HL,8dgu,H,L,A
8db4_F-IJ,8db4,H,L,A
8db4_E-AB,8db4,H,L,A
8d48_A-HL,8d48,H,L,A
8fe4_B-HL,8fe4,H,L,A
8fe3_B-HL,8fe3,H,L,A
8fe3_D-MN,8fe3,H,L,A
8d1t_A-HL,8d1t,H,L,A
8hhz_C-IJ,8hhz,H,L,A
8hhx_B-FG,8hhx,H,L,A
8hhy_A-HL,8hhy,H,L,A
8hit_C-AB,8hit,H,L,A
7x8t_J-LK,7x8t,H,L,A
7x8p_A-CB,7x8p,H,L,A
7z4t_I-HL,7z4t,H,L,A
7z2m_K-BA,7z2m,H,L,A
8hpk_A-HL,8hpk,H,L,A
8hpj_D-EF,8hpj,H,L,A
7wwi_B-GF,7wwi,H,L,A
8djg_E-CD,8djg,H,L,A
7uxl_R-AB,7uxl,H,L,A
7uvs_F-DE,7uvs,H,L,A
7uvq_A-DE,7uvq,H,L,A
7uvq_A-CB,7uvq,H,L,A
7uvo_C-AB,7uvo,H,L,A
7uvi_F-DE,7uvi,H,L,A
7uvh_F-DE,7uvh,H,L,A
7urx_C-HL,7urx,H,L,A
8dg9_A-HL,8dg9,H,L,A
7y7k_A-BC,7y7k,H,L,A
8dg8_B-HL,8dg8,H,L,A
7zmk_U-ST,7zmk,H,L,A
7xdk_C-NO,7xdk,H,L,A
8df1_E-ST,8df1,H,L,A
8ath_A-HL,8ath,H,L,A
7xdk_C-LM,7xdk,H,L,A
7x2h_F-CD,7x2h,H,L,A
7u0x_C-FG,7u0x,H,L,A
7wp6_F-BI,7wp6,H,L,A
7wp6_F-DC,7wp6,H,L,A
7wp6_F-HL,7wp6,H,L,A
7wsc_R-HL,7wsc,H,L,A
7xda_A-DE,7xda,H,L,A
8hsc_R-FE,8hsc,H,L,A
8f5n_A-HL,8f5n,H,L,A
7wp8_F-EG,7wp8,H,L,A
7ul1_A-HL,7ul1,H,L,A
7ul0_A-HL,7ul0,H,L,A
7u8e_A-HL,7u8e,H,L,A
8d0z_A-HL,8d0z,H,L,A
8c3v_R-HL,8c3v,H,L,A
8bcz_R-HL,8bcz,H,L,A
8bbo_R-HL,8bbo,H,L,A
8bbn_R-HL,8bbn,H,L,A
7x96_G-HL,7x96,H,L,A
7x95_A-HL,7x95,H,L,A
7x94_A-HL,7x94,H,L,A
7upk_D-HL,7upk,H,L,A
8d7e_C-DE,8d7e,H,L,A
8d7e_C-FG,8d7e,H,L,A
8f0l_Q-AB,8f0l,H,L,A
8il3_C-BA,8il3,H,L,A
7upd_D-HL,7upd,H,L,A
7upb_G-HL,7upb,H,L,A
7uop_A-HL,7uop,H,L,A
8gzz_B-GF,8gzz,H,L,A
7ufn_E-AD,7ufn,H,L,A
7ufo_A-HL,7ufo,H,L,A
7ufq_C-BD,7ufq,H,L,A
7txw_A-HL,7txw,H,L,A
8sas_K-MN,8sas,H,L,A
8i5i_R-HL,8i5i,H,L,A
8i5h_R-HL,8i5h,H,L,A
8sb3_K-MN,8sb3,H,L,A
8sb1_K-MN,8sb1,H,L,A
8sb0_K-MN,8sb0,H,L,A
8say_K-MN,8say,H,L,A
7umn_C-JN,7umn,H,L,A
8dto_I-KL,8dto,H,L,A
8ct6_C-JK,8ct6,H,L,A
8heb_C-IH,8heb,H,L,A
8gs9_A-HK,8gs9,H,L,A
8fax_L-AB,8fax,H,L,A
8f0h_C-HL,8f0h,H,L,A
8f0h_C-BD,8f0h,H,L,A
8a96_C-KJ,8a96,H,L,A
7uoj_G-hl,7uoj,H,L,A
8fg0_Q-AB,8fg0,H,L,A
7xsa_E-BC,7xsa,H,L,A
7xsb_C-JK,7xsb,H,L,A
8hn6_E-AB,8hn6,H,L,A
8hn7_E-BA,8hn7,H,L,A
8dn7_E-DH,8dn7,H,L,A
8dn6_A-CD,8dn6,H,L,A
7st5_A-HL,7st5,H,L,A
7yru_A-HL,7yru,H,L,A
7zqt_A-CD,7zqt,H,L,A
8bse_A-HL,8bse,H,L,A
8bsf_A-HL,8bsf,H,L,A
8f60_C-AB,8f60,H,L,A
8cwj_I-UV,8cwj,H,L,A
8cwk_C-AB,8cwk,H,L,A
8dnn_A-BC,8dnn,H,L,A
8f6l_C-AB,8f6l,H,L,A
8gb8_E-HL,8gb8,H,L,A
8g6i_A-CB,8g6i,H,L,A
8gb5_D-FE,8gb5,H,L,A
8gb6_A-HL,8gb6,H,L,A
8f6o_C-AB,8f6o,H,L,A
7xsc_E-AB,7xsc,H,L,A
8ahn_A-HL,8ahn,H,L,A
8g3v_J-DO,8g3v,H,L,A
8g3q_E-ID,8g3q,H,L,A
8g3o_G-AD,8g3o,H,L,A
8h07_B-GH,8h07,H,L,A
8dww_P-ZY,8dww,H,L,A
7xjf_C-AB,7xjf,H,L,A
7quh_A-HL,7quh,H,L,A
8dwx_P-HL,8dwx,H,L,A
8ee1_A-BC,8ee1,H,L,A
8ejh_C-JK,8ejh,H,L,A
8ejj_c-HL,8ejj,H,L,A
8slb_A-HL,8slb,H,L,A
8eji_A-HL,8eji,H,L,A
8cyh_M-HL,8cyh,H,L,A
7wt7_C-HD,7wt7,H,L,A
8a44_A-CD,8a44,H,L,A
8da1_I-BA,8da1,H,L,A
8eoo_C-HL,8eoo,H,L,A
7y1b_A-HL,7y1b,H,L,A
8scx_C-HL,8scx,H,L,A
8idn_A-HL,8idn,H,L,A
7y6n_A-HL,7y6n,H,L,A
7y6l_A-HL,7y6l,H,L,A
7yvp_A-KH,7yvp,H,L,A
7yvp_C-LM,7yvp,H,L,A
7zoz_A-HL,7zoz,H,L,A
8der_A-HL,8der,H,L,A
8smt_K-IJ,8smt,H,L,A
8gou_C-HK,8gou,H,L,A
8pe9_A-HL,8pe9,H,L,A
7yvo_C-ON,7yvo,H,L,A
7ytn_C-HL,7ytn,H,L,A
7yvi_A-JH,7yvi,H,L,A
8dun_G-HL,8dun,H,L,A
8duz_E-CD,8duz,H,L,A
8cim_C-HL,8cim,H,L,A
7y8j_A-HL,7y8j,H,L,A
8byu_A-HL,8byu,H,L,A
8dpm_F-IJ,8dpm,H,L,A
8elj_C-WX,8elj,H,L,A
8fsj_E-CB,8fsj,H,L,A
8ol9_H-BA,8ol9,H,L,A
8dpl_M-KL,8dpl,H,L,A
7yh6_A-HL,7yh6,H,L,A
8ag1_A-HL,8ag1,H,L,A
8d0y_G-HL,8d0y,H,L,A
7yds_A-BC,7yds,H,L,A
8dow_E-GH,8dow,H,L,A
8ib1_C-BA,8ib1,H,L,A
7yv1_A-HL,7yv1,H,L,A
8dz3_I-EF,8dz3,H,L,A
8dyy_I-OP,8dyy,H,L,A
8dz5_I-MN,8dz5,H,L,A
8dyt_I-AB,8dyt,H,L,A
7tri_B-ZY,7tri,H,L,A
7trh_G-HB,7trh,H,L,A
8dpz_B-FG,8dpz,H,L,A
8gpg_X-EF,8gpg,H,L,A
8tco_C-FG,8tco,H,L,A
8tea_C-HG,8tea,H,L,A
8e6k_A-HL,8e6k,H,L,A
8e6j_B-EI,8e6j,H,L,A
8iva_G-HL,8iva,H,L,A
8iv4_G-AB,8iv4,H,L,A
8ebp_B-IM,8ebp,H,L,A
8eay_A-HL,8eay,H,L,A
8gf2_B-XY,8gf2,H,L,A
8h7l_A-FI,8h7l,H,L,A
8ee5_Z-HL,8ee5,H,L,A
8ee8_B-DC,8ee8,H,L,A
8eed_B-EF,8eed,H,L,A
8eee_Z-AB,8eee,H,L,A
8gh4_E-HL,8gh4,H,L,A
8gnh_B-HL,8gnh,H,L,A
8j7e_E-CD,8j7e,H,L,A
8sr0_X-YZ,8sr0,H,L,A
7y0o_A-HL,7y0o,H,L,A
8fgx_C-BA,8fgx,H,L,A
8awm_A-HL,8awm,H,L,A
7yuf_R-HL,7yuf,H,L,A
8gsb_A-HK,8gsb,H,L,A
8ty1_A-CB,8ty1,H,L,A
8t7a_c-HI,8t7a,H,L,A
8f0i_G-HI,8f0i,H,L,A
8j7x_B-FD,8j7x,H,L,A
8szy_U-IM,8szy,H,L,A
8szy_U-CD,8szy,H,L,A
8g4o_C-JK,8g4o,H,L,A
8phw_A-HL,8phw,H,L,A
8t03_A-CD,8t03,H,L,A
8pg0_A-HL,8pg0,H,L,A
8gye_A-EF,8gye,H,L,A
8i3u_A-HL,8i3u,H,L,A
8i3s_A-HL,8i3s,H,L,A
8hlb_A-DE,8hlb,H,L,A
8hlb_A-BC,8hlb,H,L,A
7ukm_B-XY,7ukm,H,L,A
7ukl_C-XY,7ukl,H,L,A
8tp7_B-EG,8tp7,H,L,A
8tp6_B-CD,8tp6,H,L,A
8tp5_G-JK,8tp5,H,L,A
8tp9_C-EG,8tp9,H,L,A
8eqf_A-HL,8eqf,H,L,A
8f5i_B-HL,8f5i,H,L,A
8fym_C-BA,8fym,H,L,A
8fz2_P-HL,8fz2,H,L,A
8sgj_A-HL,8sgj,H,L,A
8tp2_C-HL,8tp2,H,L,A
8oxy_A-BC,8oxy,H,L,A
8hgl_A-HL,8hgl,H,L,A
8b9v_A-HL,8b9v,H,L,A
8fa7_P-HL,8fa7,H,L,A
8fa9_P-HL,8fa9,H,L,A
8fan_P-AB,8fan,H,L,A
8fat_E-AB,8fat,H,L,A
8fb5_O-AB,8fb5,H,L,A
8fb6_P-AB,8fb6,H,L,A
8fb8_P-HL,8fb8,H,L,A
8fba_P-AB,8fba,H,L,A
8fdc_P-AB,8fdc,H,L,A
8fdd_P-AB,8fdd,H,L,A
8pq2_C-HL,8pq2,H,L,A
8fas_C-AB,8fas,H,L,A
8f9w_Q-EF,8f9w,H,L,A
8f95_P-HL,8f95,H,L,A
8f9u_P-AB,8f9u,H,L,A
8hes_C-HL,8hes,H,L,A
8ez8_A-HL,8ez8,H,L,A
8ez7_A-HL,8ez7,H,L,A
8ez3_A-HL,8ez3,H,L,A
8bg8_A-HL,8bg8,H,L,A
8bg6_E-AB,8bg6,H,L,A
8tfn_B-HL,8tfn,H,L,A
8wsq_F-AB,8wsq,H,L,A
8udg_A-HL,8udg,H,L,A
8ix3_G-HL,8ix3,H,L,A
8x0t_A-HL,8x0t,H,L,A
8trt_D-BC,8trt,H,L,A
8t9z_A-HL,8t9z,H,L,A
8cr9_C-AB,8cr9,H,L,A
8bk2_A-HL,8bk2,H,L,A
8crb_C-AB,8crb,H,L,A
8j1t_F-HK,8j1t,H,L,A
8tui_A-HL,8tui,H,L,A
8smi_A-HL,8smi,H,L,A
8r8d_A-HL,8r8d,H,L,A
8hrd_A-DF,8hrd,H,L,A
8tlm_C-AB,8tlm,H,L,A
8hrd_T-WX,8hrd,H,L,A
8g4p_E-AB,8g4p,H,L,A
8hq7_A-HL,8hq7,H,L,A
8hpu_A-MN,8hpu,H,L,A
8j9k_C-DB,8j9k,H,L,A
8che_C-HL,8che,H,L,A
8b7h_A-HL,8b7h,H,L,A
7y3o_A-HL,7y3o,H,L,A
8t5c_a-HL,8t5c,H,L,A
8u1d_A-IJ,8u1d,H,L,A
8c89_C-HL,8c89,H,L,A
8wdt_A-CB,8wdt,H,L,A
8qya_A-HL,8qya,H,L,A
8g8n_R-OQ,8g8n,H,L,A
8acf_A-HL,8acf,H,L,A
8fhy_D-FE,8fhy,H,L,A
8fi9_C-GF,8fi9,H,L,A
8jnr_D-HL,8jnr,H,L,A
8xc4_A-EF,8xc4,H,L,A
8x2l_B-HL,8x2l,H,L,A
8jlx_A-HL,8jlx,H,L,A
8jlw_A-HL,8jlw,H,L,A
8bw0_C-HL,8bw0,H,L,A
8qq0_A-ED,8qq0,H,L,A
8qpr_A-ED,8qpr,H,L,A
7yp2_A-HL,7yp2,H,L,A
7yoy_C-EI,7yoy,H,L,A
7yoy_C-FJ,7yoy,H,L,A
8c7m_B-CD,8c7m,H,L,A
8cbd_X-AB,8cbd,H,L,A
8cbe_E-HL,8cbe,H,L,A
8ds7_M-HL,8ds7,H,L,A
8uf7_C-BA,8uf7,H,L,A
8g5b_A-IM,8g5b,H,L,A
8cii_E-HL,8cii,H,L,A
8ekd_G-EF,8ekd,H,L,A
8cin_C-JK,8cin,H,L,A
8jen_I-AB,8jen,H,L,A
8jeo_D-EF,8jeo,H,L,A
8gav_A-HL,8gav,H,L,A
8gau_A-HL,8gau,H,L,A
8cma_E-HL,8cma,H,L,A
8w9j_C-HL,8w9j,H,L,A
8sml_D-FE,8sml,H,L,A
8xe9_C-AB,8xe9,H,L,A
8smk_D-EF,8smk,H,L,A
8siq_A-HL,8siq,H,L,A
8u4s_G-FE,8u4s,H,L,A
8sit_D-QS,8sit,H,L,A
8sis_A-HL,8sis,H,L,A
8sdg_C-GI,8sdg,H,L,A
8sir_A-HL,8sir,H,L,A
8sdf_Z-HL,8sdf,H,L,A
8gdr_F-CD,8gdr,H,L,A
8jyq_C-AB,8jyq,H,L,A
8jyr_A-HL,8jyr,H,L,A
8r1c_B-DE,8r1c,H,L,A
8r1d_C-DE,8r1d,H,L,A
8tqa_A-HL,8tqa,H,L,A
8tq8_A-HL,8tq8,H,L,A
8tbq_P-HL,8tbq,H,L,A
8tq7_C-FG,8tq7,H,L,A
8sxp_C-HL,8sxp,H,L,A
8gkl_E-HL,8gkl,H,L,A
8u1s_B-EF,8u1s,H,L,A
8w0y_D-AB,8w0y,H,L,A
8w0x_C-HL,8w0x,H,L,A
8w0w_C-HL,8w0w,H,L,A
8w0v_C-HL,8w0v,H,L,A
8u1q_A-HL,8u1q,H,L,A
8too_L-HE,8too,H,L,A
8tnt_C-GF,8tnt,H,L,A
8tnn_F-JI,8tnn,H,L,A
8og0_P-HL,8og0,H,L,A
8u1c_A-HL,8u1c,H,L,A
8rmo_F-HL,8rmo,H,L,A
8qzr_C-HL,8qzr,H,L,A
8p6i_A-HL,8p6i,H,L,A
8uky_C-HL,8uky,H,L,A
8v7o_C-JN,8v7o,H,L,A
8v52_A-FE,8v52,H,L,A
8onk_D-KJ,8onk,H,L,A
8onk_B-HL,8onk,H,L,A
8tfl_B-HL,8tfl,H,L,A
8tfh_B-HL,8tfh,H,L,A
8sic_G-HL,8sic,H,L,A
8sgn_G-HL,8sgn,H,L,A
8khc_A-HJ,8khc,H,L,A
8jg5_B-EF,8jg5,H,L,A
8tqi_A-IJ,8tqi,H,L,A
8xi6_B-FG,8xi6,H,L,A
8tqk_A-HL,8tqk,H,L,A
8tqi_B-HL,8tqi,H,L,A
8ruu_Y-HL,8ruu,H,L,A
8iv0_A-BC,8iv0,H,L,A
8iuz_A-BC,8iuz,H,L,A
8iuy_A-BC,8iuy,H,L,A
8tqi_A-CD,8tqi,H,L,A
8vzo_A-BD,8vzo,H,L,A
8t9b_J-FH,8t9b,H,L,A
8smp_A-HL,8smp,H,L,A
8sm1_G-HL,8sm1,H,L,A
8k3c_B-CD,8k3c,H,L,A
8uwa_B-FE,8uwa,H,L,A
8wnp_E-BA,8wnp,H,L,A
8wnu_E-BA,8wnu,H,L,A
8yx9_A-HL,8yx9,H,L,A
8yx1_C-AB,8yx1,H,L,A
8wo4_F-BA,8wo4,H,L,A
8tvh_C-IH,8tvh,H,L,A
8ja5_D-BC,8ja5,H,L,A
8qrf_E-HL,8qrf,H,L,A
8qrg_E-HL,8qrg,H,L,A
8r80_R-HL,8r80,H,L,A
8t4a_A-HL,8t4a,H,L,A
8r8k_A-HL,8r8k,H,L,A
8zc0_B-QM,8zc0,H,L,A
8toa_C-HL,8toa,H,L,A
8tnl_I-HL,8tnl,H,L,A
8suo_A-HL,8suo,H,L,A
